--------------------------------------------------------
-- Archivo creado  - lunes-junio-16-2014   
--------------------------------------------------------
DROP TABLE "PANTOASTED2"."COMENTARIO" cascade constraints;
DROP TABLE "PANTOASTED2"."EVALUACION" cascade constraints;
DROP TABLE "PANTOASTED2"."GENERO" cascade constraints;
DROP TABLE "PANTOASTED2"."PERFIL" cascade constraints;
DROP TABLE "PANTOASTED2"."REPORTE_COM" cascade constraints;
DROP TABLE "PANTOASTED2"."REPORTE_REV" cascade constraints;
DROP TABLE "PANTOASTED2"."REVIEW" cascade constraints;
DROP TABLE "PANTOASTED2"."REVIEW_GENERO" cascade constraints;
DROP TABLE "PANTOASTED2"."USUARIO" cascade constraints;
DROP SEQUENCE "PANTOASTED2"."SEC_ID_COMEN";
DROP SEQUENCE "PANTOASTED2"."SEC_ID_EVAL";
DROP SEQUENCE "PANTOASTED2"."SEC_ID_GENERO";
DROP SEQUENCE "PANTOASTED2"."SEC_ID_REPORTE";
DROP SEQUENCE "PANTOASTED2"."SEC_ID_REV";
DROP SEQUENCE "PANTOASTED2"."SEC_ID_USUARIO";
DROP VIEW "PANTOASTED2"."PUBLICACIONES_TOP";
DROP VIEW "PANTOASTED2"."USUARIOS_BAN";
DROP PACKAGE "PANTOASTED2"."PANTOASTEDFUNC";
DROP PACKAGE "PANTOASTED2"."TIPOS";
DROP PACKAGE BODY "PANTOASTED2"."PANTOASTEDFUNC";
--------------------------------------------------------
--  DDL for Sequence SEC_ID_COMEN
--------------------------------------------------------

   CREATE SEQUENCE  "PANTOASTED2"."SEC_ID_COMEN"  MINVALUE 0 MAXVALUE 9999999999999999999999999999 INCREMENT BY 1 START WITH 198 CACHE 2 ORDER  NOCYCLE ;
--------------------------------------------------------
--  DDL for Sequence SEC_ID_EVAL
--------------------------------------------------------

   CREATE SEQUENCE  "PANTOASTED2"."SEC_ID_EVAL"  MINVALUE 0 MAXVALUE 9999999999999999999999999999 INCREMENT BY 1 START WITH 52 CACHE 2 ORDER  NOCYCLE ;
--------------------------------------------------------
--  DDL for Sequence SEC_ID_GENERO
--------------------------------------------------------

   CREATE SEQUENCE  "PANTOASTED2"."SEC_ID_GENERO"  MINVALUE 0 MAXVALUE 9999999999999999999999999999 INCREMENT BY 1 START WITH 40 CACHE 2 ORDER  NOCYCLE ;
--------------------------------------------------------
--  DDL for Sequence SEC_ID_REPORTE
--------------------------------------------------------

   CREATE SEQUENCE  "PANTOASTED2"."SEC_ID_REPORTE"  MINVALUE 0 MAXVALUE 9999999999999999999999999999 INCREMENT BY 1 START WITH 82 CACHE 2 ORDER  NOCYCLE ;
--------------------------------------------------------
--  DDL for Sequence SEC_ID_REV
--------------------------------------------------------

   CREATE SEQUENCE  "PANTOASTED2"."SEC_ID_REV"  MINVALUE 0 MAXVALUE 9999999999999999999999999999 INCREMENT BY 1 START WITH 112 CACHE 2 ORDER  NOCYCLE ;
--------------------------------------------------------
--  DDL for Sequence SEC_ID_USUARIO
--------------------------------------------------------

   CREATE SEQUENCE  "PANTOASTED2"."SEC_ID_USUARIO"  MINVALUE 0 MAXVALUE 9999999999999999999999999999 INCREMENT BY 1 START WITH 108 CACHE 2 ORDER  NOCYCLE ;
--------------------------------------------------------
--  DDL for Table COMENTARIO
--------------------------------------------------------

  CREATE TABLE "PANTOASTED2"."COMENTARIO" 
   (	"ID_COMEN" NUMBER(38,0), 
	"CUERPO" VARCHAR2(400 CHAR), 
	"REVIEW_ID_REV" NUMBER(38,0), 
	"USUARIO_NOM_USUARIO" VARCHAR2(20 CHAR), 
	"REVIEW_USUARIO_NOM_USUARIO" VARCHAR2(20 CHAR), 
	"ELIMINADO" NUMBER(*,0) DEFAULT 0
   ) SEGMENT CREATION IMMEDIATE 
  PCTFREE 10 PCTUSED 40 INITRANS 1 MAXTRANS 255 NOCOMPRESS LOGGING
  STORAGE(INITIAL 65536 NEXT 1048576 MINEXTENTS 1 MAXEXTENTS 2147483645
  PCTINCREASE 0 FREELISTS 1 FREELIST GROUPS 1 BUFFER_POOL DEFAULT FLASH_CACHE DEFAULT CELL_FLASH_CACHE DEFAULT)
  TABLESPACE "SYSTEM" ;
--------------------------------------------------------
--  DDL for Table EVALUACION
--------------------------------------------------------

  CREATE TABLE "PANTOASTED2"."EVALUACION" 
   (	"ID_EVAL" NUMBER(38,0), 
	"RENDIMIENTO" NUMBER(3,0) DEFAULT 0, 
	"JUGABILIDAD" NUMBER(3,0) DEFAULT 0, 
	"CONTENIDO" NUMBER(3,0) DEFAULT 0, 
	"CONTROLES" NUMBER(3,0) DEFAULT 0, 
	"REVIEW_ID_REV" NUMBER(38,0), 
	"REVIEW_USUARIO_NOM_USUARIO" VARCHAR2(20 CHAR), 
	"NUM_EVALUACIONES" NUMBER(38,0) DEFAULT 0, 
	"ELIMINADO" NUMBER(*,0) DEFAULT 0
   ) SEGMENT CREATION IMMEDIATE 
  PCTFREE 10 PCTUSED 40 INITRANS 1 MAXTRANS 255 NOCOMPRESS LOGGING
  STORAGE(INITIAL 65536 NEXT 1048576 MINEXTENTS 1 MAXEXTENTS 2147483645
  PCTINCREASE 0 FREELISTS 1 FREELIST GROUPS 1 BUFFER_POOL DEFAULT FLASH_CACHE DEFAULT CELL_FLASH_CACHE DEFAULT)
  TABLESPACE "SYSTEM" ;
--------------------------------------------------------
--  DDL for Table GENERO
--------------------------------------------------------

  CREATE TABLE "PANTOASTED2"."GENERO" 
   (	"ID_GENERO" NUMBER(38,0), 
	"NOMBRE" VARCHAR2(50 CHAR)
   ) SEGMENT CREATION IMMEDIATE 
  PCTFREE 10 PCTUSED 40 INITRANS 1 MAXTRANS 255 NOCOMPRESS LOGGING
  STORAGE(INITIAL 65536 NEXT 1048576 MINEXTENTS 1 MAXEXTENTS 2147483645
  PCTINCREASE 0 FREELISTS 1 FREELIST GROUPS 1 BUFFER_POOL DEFAULT FLASH_CACHE DEFAULT CELL_FLASH_CACHE DEFAULT)
  TABLESPACE "SYSTEM" ;
--------------------------------------------------------
--  DDL for Table PERFIL
--------------------------------------------------------

  CREATE TABLE "PANTOASTED2"."PERFIL" 
   (	"ID_USUARIO" NUMBER(38,0), 
	"CORREO_E" VARCHAR2(50 CHAR), 
	"URL_AVATAR" VARCHAR2(200 CHAR), 
	"FECHA_NAC" DATE, 
	"SEXO" CHAR(1 CHAR), 
	"PUNTOS" NUMBER(4,0), 
	"USUARIO_NOM_USUARIO" VARCHAR2(20 CHAR), 
	"ADVERTENCIAS" NUMBER(38,0) DEFAULT 0, 
	"LIBERACION_BAN" DATE, 
	"BAN_PERMANENTE" CHAR(1 BYTE)
   ) SEGMENT CREATION IMMEDIATE 
  PCTFREE 10 PCTUSED 40 INITRANS 1 MAXTRANS 255 NOCOMPRESS LOGGING
  STORAGE(INITIAL 65536 NEXT 1048576 MINEXTENTS 1 MAXEXTENTS 2147483645
  PCTINCREASE 0 FREELISTS 1 FREELIST GROUPS 1 BUFFER_POOL DEFAULT FLASH_CACHE DEFAULT CELL_FLASH_CACHE DEFAULT)
  TABLESPACE "SYSTEM" ;
--------------------------------------------------------
--  DDL for Table REPORTE_COM
--------------------------------------------------------

  CREATE TABLE "PANTOASTED2"."REPORTE_COM" 
   (	"ID_REPORTE" NUMBER(38,0), 
	"MOTIVO" VARCHAR2(200 CHAR), 
	"COMENTARIO_ID_COMEN" NUMBER(38,0), 
	"COMENTARIO_USUARIO_NOM_USUARIO" VARCHAR2(20 CHAR)
   ) SEGMENT CREATION IMMEDIATE 
  PCTFREE 10 PCTUSED 40 INITRANS 1 MAXTRANS 255 NOCOMPRESS LOGGING
  STORAGE(INITIAL 65536 NEXT 1048576 MINEXTENTS 1 MAXEXTENTS 2147483645
  PCTINCREASE 0 FREELISTS 1 FREELIST GROUPS 1 BUFFER_POOL DEFAULT FLASH_CACHE DEFAULT CELL_FLASH_CACHE DEFAULT)
  TABLESPACE "SYSTEM" ;
--------------------------------------------------------
--  DDL for Table REPORTE_REV
--------------------------------------------------------

  CREATE TABLE "PANTOASTED2"."REPORTE_REV" 
   (	"ID_REPORTE" NUMBER(38,0), 
	"MOTIVO" VARCHAR2(200 CHAR), 
	"REVIEW_ID_REV" NUMBER(38,0), 
	"REVIEW_USUARIO_NOM_USUARIO" VARCHAR2(20 CHAR)
   ) SEGMENT CREATION IMMEDIATE 
  PCTFREE 10 PCTUSED 40 INITRANS 1 MAXTRANS 255 NOCOMPRESS LOGGING
  STORAGE(INITIAL 65536 NEXT 1048576 MINEXTENTS 1 MAXEXTENTS 2147483645
  PCTINCREASE 0 FREELISTS 1 FREELIST GROUPS 1 BUFFER_POOL DEFAULT FLASH_CACHE DEFAULT CELL_FLASH_CACHE DEFAULT)
  TABLESPACE "SYSTEM" ;
--------------------------------------------------------
--  DDL for Table REVIEW
--------------------------------------------------------

  CREATE TABLE "PANTOASTED2"."REVIEW" 
   (	"ID_REV" NUMBER(38,0), 
	"TITULO" VARCHAR2(50 CHAR), 
	"SUBTITULO" VARCHAR2(75 CHAR), 
	"URL_VIDEO" VARCHAR2(200 CHAR), 
	"URL_HEADER" VARCHAR2(200 CHAR), 
	"CUERPO" VARCHAR2(4000 CHAR), 
	"USUARIO_NOM_USUARIO" VARCHAR2(20 CHAR), 
	"ELIMINADO" NUMBER(*,0) DEFAULT 0
   ) SEGMENT CREATION IMMEDIATE 
  PCTFREE 10 PCTUSED 40 INITRANS 1 MAXTRANS 255 NOCOMPRESS LOGGING
  STORAGE(INITIAL 65536 NEXT 1048576 MINEXTENTS 1 MAXEXTENTS 2147483645
  PCTINCREASE 0 FREELISTS 1 FREELIST GROUPS 1 BUFFER_POOL DEFAULT FLASH_CACHE DEFAULT CELL_FLASH_CACHE DEFAULT)
  TABLESPACE "SYSTEM" ;
--------------------------------------------------------
--  DDL for Table REVIEW_GENERO
--------------------------------------------------------

  CREATE TABLE "PANTOASTED2"."REVIEW_GENERO" 
   (	"REVIEW_ID_REV" NUMBER(38,0), 
	"REVIEW_USUARIO_NOM_USUARIO" VARCHAR2(20 CHAR), 
	"GENERO_ID_GENERO" NUMBER(38,0)
   ) SEGMENT CREATION IMMEDIATE 
  PCTFREE 10 PCTUSED 40 INITRANS 1 MAXTRANS 255 NOCOMPRESS LOGGING
  STORAGE(INITIAL 65536 NEXT 1048576 MINEXTENTS 1 MAXEXTENTS 2147483645
  PCTINCREASE 0 FREELISTS 1 FREELIST GROUPS 1 BUFFER_POOL DEFAULT FLASH_CACHE DEFAULT CELL_FLASH_CACHE DEFAULT)
  TABLESPACE "SYSTEM" ;
--------------------------------------------------------
--  DDL for Table USUARIO
--------------------------------------------------------

  CREATE TABLE "PANTOASTED2"."USUARIO" 
   (	"NOM_USUARIO" VARCHAR2(20 CHAR), 
	"CONTRASENA" VARCHAR2(15 CHAR), 
	"PRIVILEGIO" NUMBER(1,0)
   ) SEGMENT CREATION IMMEDIATE 
  PCTFREE 10 PCTUSED 40 INITRANS 1 MAXTRANS 255 NOCOMPRESS LOGGING
  STORAGE(INITIAL 65536 NEXT 1048576 MINEXTENTS 1 MAXEXTENTS 2147483645
  PCTINCREASE 0 FREELISTS 1 FREELIST GROUPS 1 BUFFER_POOL DEFAULT FLASH_CACHE DEFAULT CELL_FLASH_CACHE DEFAULT)
  TABLESPACE "SYSTEM" ;
--------------------------------------------------------
--  DDL for View PUBLICACIONES_TOP
--------------------------------------------------------

  CREATE OR REPLACE FORCE VIEW "PANTOASTED2"."PUBLICACIONES_TOP" ("ID_REV", "TITULO", "SUBTITULO", "URL_HEADER", "USUARIO_NOM_USUARIO") AS 
  SELECT r.ID_REV,
  r.TITULO,
  r.SUBTITULO,
  r.URL_HEADER,
  r.USUARIO_NOM_USUARIO
FROM REVIEW r,
  EVALUACION e
WHERE e.REVIEW_ID_REV   = r.ID_REV
AND e.NUM_EVALUACIONES >=
  (SELECT AVG(EVALUACION.NUM_EVALUACIONES) FROM EVALUACION
  ) and r.eliminado=0;
--------------------------------------------------------
--  DDL for View USUARIOS_BAN
--------------------------------------------------------

  CREATE OR REPLACE FORCE VIEW "PANTOASTED2"."USUARIOS_BAN" ("ID_USUARIO", "CORREO_E", "URL_AVATAR", "FECHA_NAC", "SEXO", "PUNTOS", "USUARIO_NOM_USUARIO", "ADVERTENCIAS", "LIBERACION_BAN", "BAN_PERMANENTE") AS 
  SELECT "ID_USUARIO","CORREO_E","URL_AVATAR","FECHA_NAC","SEXO","PUNTOS","USUARIO_NOM_USUARIO","ADVERTENCIAS","LIBERACION_BAN","BAN_PERMANENTE" from Perfil
where advertencias = -1;
REM INSERTING into PANTOASTED2.COMENTARIO
SET DEFINE OFF;
Insert into PANTOASTED2.COMENTARIO (ID_COMEN,CUERPO,REVIEW_ID_REV,USUARIO_NOM_USUARIO,REVIEW_USUARIO_NOM_USUARIO,ELIMINADO) values ('182','holah hi hi','107','noxer','Thewinner','1');
Insert into PANTOASTED2.COMENTARIO (ID_COMEN,CUERPO,REVIEW_ID_REV,USUARIO_NOM_USUARIO,REVIEW_USUARIO_NOM_USUARIO,ELIMINADO) values ('192','asdasd','106','noxer','noxer','1');
Insert into PANTOASTED2.COMENTARIO (ID_COMEN,CUERPO,REVIEW_ID_REV,USUARIO_NOM_USUARIO,REVIEW_USUARIO_NOM_USUARIO,ELIMINADO) values ('193','asdasdasd','106','noxer','noxer','1');
Insert into PANTOASTED2.COMENTARIO (ID_COMEN,CUERPO,REVIEW_ID_REV,USUARIO_NOM_USUARIO,REVIEW_USUARIO_NOM_USUARIO,ELIMINADO) values ('188',' ','107','noxer','Thewinner','1');
Insert into PANTOASTED2.COMENTARIO (ID_COMEN,CUERPO,REVIEW_ID_REV,USUARIO_NOM_USUARIO,REVIEW_USUARIO_NOM_USUARIO,ELIMINADO) values ('191','teststs','103','noxer','noxer','1');
Insert into PANTOASTED2.COMENTARIO (ID_COMEN,CUERPO,REVIEW_ID_REV,USUARIO_NOM_USUARIO,REVIEW_USUARIO_NOM_USUARIO,ELIMINADO) values ('194','Un comentario de un usuario sin posibilidad de crear reviews!','107','test','Thewinner','1');
Insert into PANTOASTED2.COMENTARIO (ID_COMEN,CUERPO,REVIEW_ID_REV,USUARIO_NOM_USUARIO,REVIEW_USUARIO_NOM_USUARIO,ELIMINADO) values ('195','comentario para subir de rango','110','test','noxer','0');
Insert into PANTOASTED2.COMENTARIO (ID_COMEN,CUERPO,REVIEW_ID_REV,USUARIO_NOM_USUARIO,REVIEW_USUARIO_NOM_USUARIO,ELIMINADO) values ('196','comentario','107','test','Thewinner','1');
Insert into PANTOASTED2.COMENTARIO (ID_COMEN,CUERPO,REVIEW_ID_REV,USUARIO_NOM_USUARIO,REVIEW_USUARIO_NOM_USUARIO,ELIMINADO) values ('197','segundo comentario','107','test','Thewinner','0');
REM INSERTING into PANTOASTED2.EVALUACION
SET DEFINE OFF;
Insert into PANTOASTED2.EVALUACION (ID_EVAL,RENDIMIENTO,JUGABILIDAD,CONTENIDO,CONTROLES,REVIEW_ID_REV,REVIEW_USUARIO_NOM_USUARIO,NUM_EVALUACIONES,ELIMINADO) values ('40','9','10','5','9','100','noxer','1','1');
Insert into PANTOASTED2.EVALUACION (ID_EVAL,RENDIMIENTO,JUGABILIDAD,CONTENIDO,CONTROLES,REVIEW_ID_REV,REVIEW_USUARIO_NOM_USUARIO,NUM_EVALUACIONES,ELIMINADO) values ('45','1','1','1','1','105','noxer','1','1');
Insert into PANTOASTED2.EVALUACION (ID_EVAL,RENDIMIENTO,JUGABILIDAD,CONTENIDO,CONTROLES,REVIEW_ID_REV,REVIEW_USUARIO_NOM_USUARIO,NUM_EVALUACIONES,ELIMINADO) values ('42','3','4','6','6','102','noxer','2','1');
Insert into PANTOASTED2.EVALUACION (ID_EVAL,RENDIMIENTO,JUGABILIDAD,CONTENIDO,CONTROLES,REVIEW_ID_REV,REVIEW_USUARIO_NOM_USUARIO,NUM_EVALUACIONES,ELIMINADO) values ('43','12','10','12','12','103','noxer','3','1');
Insert into PANTOASTED2.EVALUACION (ID_EVAL,RENDIMIENTO,JUGABILIDAD,CONTENIDO,CONTROLES,REVIEW_ID_REV,REVIEW_USUARIO_NOM_USUARIO,NUM_EVALUACIONES,ELIMINADO) values ('44','4','4','1','6','104','noxer','1','1');
Insert into PANTOASTED2.EVALUACION (ID_EVAL,RENDIMIENTO,JUGABILIDAD,CONTENIDO,CONTROLES,REVIEW_ID_REV,REVIEW_USUARIO_NOM_USUARIO,NUM_EVALUACIONES,ELIMINADO) values ('46','12','10','10','7','106','noxer','4','1');
Insert into PANTOASTED2.EVALUACION (ID_EVAL,RENDIMIENTO,JUGABILIDAD,CONTENIDO,CONTROLES,REVIEW_ID_REV,REVIEW_USUARIO_NOM_USUARIO,NUM_EVALUACIONES,ELIMINADO) values ('47','15','17','17','17','107','Thewinner','8','0');
Insert into PANTOASTED2.EVALUACION (ID_EVAL,RENDIMIENTO,JUGABILIDAD,CONTENIDO,CONTROLES,REVIEW_ID_REV,REVIEW_USUARIO_NOM_USUARIO,NUM_EVALUACIONES,ELIMINADO) values ('50','5','3','3','2','111','noxer','1','0');
Insert into PANTOASTED2.EVALUACION (ID_EVAL,RENDIMIENTO,JUGABILIDAD,CONTENIDO,CONTROLES,REVIEW_ID_REV,REVIEW_USUARIO_NOM_USUARIO,NUM_EVALUACIONES,ELIMINADO) values ('49','32','30','32','29','110','noxer','4','0');
REM INSERTING into PANTOASTED2.GENERO
SET DEFINE OFF;
Insert into PANTOASTED2.GENERO (ID_GENERO,NOMBRE) values ('20','RPG');
Insert into PANTOASTED2.GENERO (ID_GENERO,NOMBRE) values ('21','MMORPG');
Insert into PANTOASTED2.GENERO (ID_GENERO,NOMBRE) values ('22','FPS');
Insert into PANTOASTED2.GENERO (ID_GENERO,NOMBRE) values ('23','Accion');
Insert into PANTOASTED2.GENERO (ID_GENERO,NOMBRE) values ('24','Puzzle');
Insert into PANTOASTED2.GENERO (ID_GENERO,NOMBRE) values ('25','Shooter');
Insert into PANTOASTED2.GENERO (ID_GENERO,NOMBRE) values ('26','Multiplayer');
Insert into PANTOASTED2.GENERO (ID_GENERO,NOMBRE) values ('27','Survival');
Insert into PANTOASTED2.GENERO (ID_GENERO,NOMBRE) values ('28','Aventura');
Insert into PANTOASTED2.GENERO (ID_GENERO,NOMBRE) values ('29','Arcade');
Insert into PANTOASTED2.GENERO (ID_GENERO,NOMBRE) values ('30','Estrategia');
Insert into PANTOASTED2.GENERO (ID_GENERO,NOMBRE) values ('31','Musical');
Insert into PANTOASTED2.GENERO (ID_GENERO,NOMBRE) values ('32','Indie');
Insert into PANTOASTED2.GENERO (ID_GENERO,NOMBRE) values ('33','Casual');
Insert into PANTOASTED2.GENERO (ID_GENERO,NOMBRE) values ('34','Carreras');
Insert into PANTOASTED2.GENERO (ID_GENERO,NOMBRE) values ('35','Simuladores');
Insert into PANTOASTED2.GENERO (ID_GENERO,NOMBRE) values ('36','Deportes');
REM INSERTING into PANTOASTED2.PERFIL
SET DEFINE OFF;
Insert into PANTOASTED2.PERFIL (ID_USUARIO,CORREO_E,URL_AVATAR,FECHA_NAC,SEXO,PUNTOS,USUARIO_NOM_USUARIO,ADVERTENCIAS,LIBERACION_BAN,BAN_PERMANENTE) values ('100','e.noyer.silva@gmail.com','/public/img/avatar/noxer.jpg',to_date('21/06/94','DD/MM/RR'),'m','1','noxer','0',to_date('01/05/13','DD/MM/RR'),'0');
Insert into PANTOASTED2.PERFIL (ID_USUARIO,CORREO_E,URL_AVATAR,FECHA_NAC,SEXO,PUNTOS,USUARIO_NOM_USUARIO,ADVERTENCIAS,LIBERACION_BAN,BAN_PERMANENTE) values ('105','jeanlabra0256@gmail.com','public/img/avatar/Thewinner.jpg',to_date('07/11/86','DD/MM/RR'),'m','0','Thewinner','0',to_date('29/05/14','DD/MM/RR'),'0');
Insert into PANTOASTED2.PERFIL (ID_USUARIO,CORREO_E,URL_AVATAR,FECHA_NAC,SEXO,PUNTOS,USUARIO_NOM_USUARIO,ADVERTENCIAS,LIBERACION_BAN,BAN_PERMANENTE) values ('106','asdasd@gmail.com','public/img/avatar/test.jpg',to_date('31/12/89','DD/MM/RR'),'o','2','test','0',to_date('02/06/14','DD/MM/RR'),'0');
REM INSERTING into PANTOASTED2.REPORTE_COM
SET DEFINE OFF;
REM INSERTING into PANTOASTED2.REPORTE_REV
SET DEFINE OFF;
Insert into PANTOASTED2.REPORTE_REV (ID_REPORTE,MOTIVO,REVIEW_ID_REV,REVIEW_USUARIO_NOM_USUARIO) values ('78','Reporte publicacion','107','Thewinner');
REM INSERTING into PANTOASTED2.REVIEW
SET DEFINE OFF;
Insert into PANTOASTED2.REVIEW (ID_REV,TITULO,SUBTITULO,URL_VIDEO,URL_HEADER,CUERPO,USUARIO_NOM_USUARIO,ELIMINADO) values ('100','Publicacion de prueba','un subtitulo de prueba','y04W3RFKxwk','http://thumbs.dreamstime.com/z/pan-tostado-aislado-25770141.jpg','Una corto review acerca de este juego y sistema de entertenimiento','noxer','1');
Insert into PANTOASTED2.REVIEW (ID_REV,TITULO,SUBTITULO,URL_VIDEO,URL_HEADER,CUERPO,USUARIO_NOM_USUARIO,ELIMINADO) values ('105','Testing','test','asdasd','asdasd','texto de prueba','noxer','1');
Insert into PANTOASTED2.REVIEW (ID_REV,TITULO,SUBTITULO,URL_VIDEO,URL_HEADER,CUERPO,USUARIO_NOM_USUARIO,ELIMINADO) values ('102','Don''t tap the white tile','estres gratuito','4uZPiynHRsw','https://lh4.ggpht.com/O88MrYKGmpTm_gaX_a685UF5KRviFCWliGE30E51U3Phwsk9W5_sP_FgyJ5M7TYnkA=h900-rw','So many new features for you.
We will keep improving our game, more features are coming soon.
Any advice and suggestions will be greatly appreciated!
Features:
Charming Piano Sound Effect
5 x 3 Awesome Game Modes
Smoother Gameplay
Better User Interface
Google Game Service Support
Social Share Support
Watch your step, DON''T TOUCH ANY WHITE TILE. This is the core rule in this additive game.
Is it easy? Everyone can handle it, but not everyone can handle it well. What about you?
There are five modes in the game:
-Classic mode, get 25/50 black tiles as soon as possible.
-Arcade mode, try your best to tap the dark tiles as many as you can, and do not miss one.
-Zen mode, try your best to tap the black tiles as many as you can in 15/30 seconds.
-Rush mode, another Arcade mode with no upper speed limited.
-Relay mode, complete 50 tiles in 8/10/12 seconds, than you'' ll get 8/10/12 more seconds for another 50 tiles.','noxer','1');
Insert into PANTOASTED2.REVIEW (ID_REV,TITULO,SUBTITULO,URL_VIDEO,URL_HEADER,CUERPO,USUARIO_NOM_USUARIO,ELIMINADO) values ('103','Ultima prueba','subprueba','jigRSeRYMzA','http://fc06.deviantart.net/fs70/f/2013/049/c/0/super_hexagon_wallpaper_collection_by_digitalsyntax-d5vgd49.png','Lorem ipsum gen.','noxer','1');
Insert into PANTOASTED2.REVIEW (ID_REV,TITULO,SUBTITULO,URL_VIDEO,URL_HEADER,CUERPO,USUARIO_NOM_USUARIO,ELIMINADO) values ('104','asdasd','asdasd','asdasd','asdasd','asdasdasdasd','noxer','1');
Insert into PANTOASTED2.REVIEW (ID_REV,TITULO,SUBTITULO,URL_VIDEO,URL_HEADER,CUERPO,USUARIO_NOM_USUARIO,ELIMINADO) values ('106','prueba3','prueba de subtitulo','asdasd','asdasd','texto de muchas pruebas','noxer','1');
Insert into PANTOASTED2.REVIEW (ID_REV,TITULO,SUBTITULO,URL_VIDEO,URL_HEADER,CUERPO,USUARIO_NOM_USUARIO,ELIMINADO) values ('107','StartCraft 2','SC','pVTFV05WVfo','http://img4.wikia.nocookie.net/__cb20111213183716/starcraft2/es/images/0/08/Starcraft2-logo.jpg','Juego de estrategia con 3 razas 
Terran , Protoss,  Zerg.
Cuenta con modo historia y modo multiplayer donde se puede enfrentarse a otro.','Thewinner','0');
Insert into PANTOASTED2.REVIEW (ID_REV,TITULO,SUBTITULO,URL_VIDEO,URL_HEADER,CUERPO,USUARIO_NOM_USUARIO,ELIMINADO) values ('109','wqew','ewqeqw',null,null,'weqwe','Thewinner','0');
Insert into PANTOASTED2.REVIEW (ID_REV,TITULO,SUBTITULO,URL_VIDEO,URL_HEADER,CUERPO,USUARIO_NOM_USUARIO,ELIMINADO) values ('110','titulo','subtitulo','6_YL5S2NwkE','http://news.softpedia.com/images/news2/Cortana-Gets-One-Step-Closer-to-a-Debut-in-Windows-8-440131-2.jpg','prueba para entrega 2','noxer','0');
Insert into PANTOASTED2.REVIEW (ID_REV,TITULO,SUBTITULO,URL_VIDEO,URL_HEADER,CUERPO,USUARIO_NOM_USUARIO,ELIMINADO) values ('111','tsting','testing','F_witXuhEIk','http://cdn.larepublica.pe/sites/default/files/imagecache/img_noticia_640x384/imagen/2012/08/08/imagen-solitario_0.jpg','no hay como un juego casual! yei!','noxer','0');
REM INSERTING into PANTOASTED2.REVIEW_GENERO
SET DEFINE OFF;
Insert into PANTOASTED2.REVIEW_GENERO (REVIEW_ID_REV,REVIEW_USUARIO_NOM_USUARIO,GENERO_ID_GENERO) values ('100','noxer','31');
Insert into PANTOASTED2.REVIEW_GENERO (REVIEW_ID_REV,REVIEW_USUARIO_NOM_USUARIO,GENERO_ID_GENERO) values ('102','noxer','29');
Insert into PANTOASTED2.REVIEW_GENERO (REVIEW_ID_REV,REVIEW_USUARIO_NOM_USUARIO,GENERO_ID_GENERO) values ('103','noxer','22');
Insert into PANTOASTED2.REVIEW_GENERO (REVIEW_ID_REV,REVIEW_USUARIO_NOM_USUARIO,GENERO_ID_GENERO) values ('104','noxer','25');
Insert into PANTOASTED2.REVIEW_GENERO (REVIEW_ID_REV,REVIEW_USUARIO_NOM_USUARIO,GENERO_ID_GENERO) values ('105','noxer','27');
Insert into PANTOASTED2.REVIEW_GENERO (REVIEW_ID_REV,REVIEW_USUARIO_NOM_USUARIO,GENERO_ID_GENERO) values ('106','noxer','25');
Insert into PANTOASTED2.REVIEW_GENERO (REVIEW_ID_REV,REVIEW_USUARIO_NOM_USUARIO,GENERO_ID_GENERO) values ('107','Thewinner','30');
Insert into PANTOASTED2.REVIEW_GENERO (REVIEW_ID_REV,REVIEW_USUARIO_NOM_USUARIO,GENERO_ID_GENERO) values ('109','Thewinner','23');
Insert into PANTOASTED2.REVIEW_GENERO (REVIEW_ID_REV,REVIEW_USUARIO_NOM_USUARIO,GENERO_ID_GENERO) values ('110','noxer','30');
Insert into PANTOASTED2.REVIEW_GENERO (REVIEW_ID_REV,REVIEW_USUARIO_NOM_USUARIO,GENERO_ID_GENERO) values ('111','noxer','33');
REM INSERTING into PANTOASTED2.USUARIO
SET DEFINE OFF;
Insert into PANTOASTED2.USUARIO (NOM_USUARIO,CONTRASENA,PRIVILEGIO) values ('noxer','0000','3');
Insert into PANTOASTED2.USUARIO (NOM_USUARIO,CONTRASENA,PRIVILEGIO) values ('kido','0000','3');
Insert into PANTOASTED2.USUARIO (NOM_USUARIO,CONTRASENA,PRIVILEGIO) values ('jean','0000','3');
Insert into PANTOASTED2.USUARIO (NOM_USUARIO,CONTRASENA,PRIVILEGIO) values ('Thewinner','adriel0256','3');
Insert into PANTOASTED2.USUARIO (NOM_USUARIO,CONTRASENA,PRIVILEGIO) values ('Kidito','0000','0');
Insert into PANTOASTED2.USUARIO (NOM_USUARIO,CONTRASENA,PRIVILEGIO) values ('test','0000','0');
--------------------------------------------------------
--  DDL for Index RELATION_10__IDX
--------------------------------------------------------

  CREATE UNIQUE INDEX "PANTOASTED2"."RELATION_10__IDX" ON "PANTOASTED2"."REVIEW_GENERO" ("REVIEW_ID_REV", "REVIEW_USUARIO_NOM_USUARIO", "GENERO_ID_GENERO") 
  PCTFREE 10 INITRANS 2 MAXTRANS 255 COMPUTE STATISTICS 
  STORAGE(INITIAL 65536 NEXT 1048576 MINEXTENTS 1 MAXEXTENTS 2147483645
  PCTINCREASE 0 FREELISTS 1 FREELIST GROUPS 1 BUFFER_POOL DEFAULT FLASH_CACHE DEFAULT CELL_FLASH_CACHE DEFAULT)
  TABLESPACE "SYSTEM" ;
--------------------------------------------------------
--  DDL for Index REPORTE_COM_PK
--------------------------------------------------------

  CREATE UNIQUE INDEX "PANTOASTED2"."REPORTE_COM_PK" ON "PANTOASTED2"."REPORTE_COM" ("ID_REPORTE", "COMENTARIO_ID_COMEN", "COMENTARIO_USUARIO_NOM_USUARIO") 
  PCTFREE 10 INITRANS 2 MAXTRANS 255 COMPUTE STATISTICS 
  STORAGE(INITIAL 65536 NEXT 1048576 MINEXTENTS 1 MAXEXTENTS 2147483645
  PCTINCREASE 0 FREELISTS 1 FREELIST GROUPS 1 BUFFER_POOL DEFAULT FLASH_CACHE DEFAULT CELL_FLASH_CACHE DEFAULT)
  TABLESPACE "SYSTEM" ;
--------------------------------------------------------
--  DDL for Index USUARIO_PK
--------------------------------------------------------

  CREATE UNIQUE INDEX "PANTOASTED2"."USUARIO_PK" ON "PANTOASTED2"."USUARIO" ("NOM_USUARIO") 
  PCTFREE 10 INITRANS 2 MAXTRANS 255 COMPUTE STATISTICS 
  STORAGE(INITIAL 65536 NEXT 1048576 MINEXTENTS 1 MAXEXTENTS 2147483645
  PCTINCREASE 0 FREELISTS 1 FREELIST GROUPS 1 BUFFER_POOL DEFAULT FLASH_CACHE DEFAULT CELL_FLASH_CACHE DEFAULT)
  TABLESPACE "SYSTEM" ;
--------------------------------------------------------
--  DDL for Index EVALUACION_PK
--------------------------------------------------------

  CREATE UNIQUE INDEX "PANTOASTED2"."EVALUACION_PK" ON "PANTOASTED2"."EVALUACION" ("ID_EVAL") 
  PCTFREE 10 INITRANS 2 MAXTRANS 255 COMPUTE STATISTICS 
  STORAGE(INITIAL 65536 NEXT 1048576 MINEXTENTS 1 MAXEXTENTS 2147483645
  PCTINCREASE 0 FREELISTS 1 FREELIST GROUPS 1 BUFFER_POOL DEFAULT FLASH_CACHE DEFAULT CELL_FLASH_CACHE DEFAULT)
  TABLESPACE "SYSTEM" ;
--------------------------------------------------------
--  DDL for Index COMENTARIO_PK
--------------------------------------------------------

  CREATE UNIQUE INDEX "PANTOASTED2"."COMENTARIO_PK" ON "PANTOASTED2"."COMENTARIO" ("ID_COMEN", "USUARIO_NOM_USUARIO") 
  PCTFREE 10 INITRANS 2 MAXTRANS 255 COMPUTE STATISTICS 
  STORAGE(INITIAL 65536 NEXT 1048576 MINEXTENTS 1 MAXEXTENTS 2147483645
  PCTINCREASE 0 FREELISTS 1 FREELIST GROUPS 1 BUFFER_POOL DEFAULT FLASH_CACHE DEFAULT CELL_FLASH_CACHE DEFAULT)
  TABLESPACE "SYSTEM" ;
--------------------------------------------------------
--  DDL for Index EVALUACION__IDX
--------------------------------------------------------

  CREATE UNIQUE INDEX "PANTOASTED2"."EVALUACION__IDX" ON "PANTOASTED2"."EVALUACION" ("REVIEW_ID_REV", "REVIEW_USUARIO_NOM_USUARIO") 
  PCTFREE 10 INITRANS 2 MAXTRANS 255 COMPUTE STATISTICS 
  STORAGE(INITIAL 65536 NEXT 1048576 MINEXTENTS 1 MAXEXTENTS 2147483645
  PCTINCREASE 0 FREELISTS 1 FREELIST GROUPS 1 BUFFER_POOL DEFAULT FLASH_CACHE DEFAULT CELL_FLASH_CACHE DEFAULT)
  TABLESPACE "SYSTEM" ;
--------------------------------------------------------
--  DDL for Index REVIEW_PK
--------------------------------------------------------

  CREATE UNIQUE INDEX "PANTOASTED2"."REVIEW_PK" ON "PANTOASTED2"."REVIEW" ("ID_REV", "USUARIO_NOM_USUARIO") 
  PCTFREE 10 INITRANS 2 MAXTRANS 255 COMPUTE STATISTICS 
  STORAGE(INITIAL 65536 NEXT 1048576 MINEXTENTS 1 MAXEXTENTS 2147483645
  PCTINCREASE 0 FREELISTS 1 FREELIST GROUPS 1 BUFFER_POOL DEFAULT FLASH_CACHE DEFAULT CELL_FLASH_CACHE DEFAULT)
  TABLESPACE "SYSTEM" ;
--------------------------------------------------------
--  DDL for Index REPORTE_REV_PK
--------------------------------------------------------

  CREATE UNIQUE INDEX "PANTOASTED2"."REPORTE_REV_PK" ON "PANTOASTED2"."REPORTE_REV" ("ID_REPORTE", "REVIEW_ID_REV", "REVIEW_USUARIO_NOM_USUARIO") 
  PCTFREE 10 INITRANS 2 MAXTRANS 255 COMPUTE STATISTICS 
  STORAGE(INITIAL 65536 NEXT 1048576 MINEXTENTS 1 MAXEXTENTS 2147483645
  PCTINCREASE 0 FREELISTS 1 FREELIST GROUPS 1 BUFFER_POOL DEFAULT FLASH_CACHE DEFAULT CELL_FLASH_CACHE DEFAULT)
  TABLESPACE "SYSTEM" ;
--------------------------------------------------------
--  DDL for Index PERFIL_PK
--------------------------------------------------------

  CREATE UNIQUE INDEX "PANTOASTED2"."PERFIL_PK" ON "PANTOASTED2"."PERFIL" ("ID_USUARIO") 
  PCTFREE 10 INITRANS 2 MAXTRANS 255 COMPUTE STATISTICS 
  STORAGE(INITIAL 65536 NEXT 1048576 MINEXTENTS 1 MAXEXTENTS 2147483645
  PCTINCREASE 0 FREELISTS 1 FREELIST GROUPS 1 BUFFER_POOL DEFAULT FLASH_CACHE DEFAULT CELL_FLASH_CACHE DEFAULT)
  TABLESPACE "SYSTEM" ;
--------------------------------------------------------
--  DDL for Index GENERO_PK
--------------------------------------------------------

  CREATE UNIQUE INDEX "PANTOASTED2"."GENERO_PK" ON "PANTOASTED2"."GENERO" ("ID_GENERO") 
  PCTFREE 10 INITRANS 2 MAXTRANS 255 COMPUTE STATISTICS 
  STORAGE(INITIAL 65536 NEXT 1048576 MINEXTENTS 1 MAXEXTENTS 2147483645
  PCTINCREASE 0 FREELISTS 1 FREELIST GROUPS 1 BUFFER_POOL DEFAULT FLASH_CACHE DEFAULT CELL_FLASH_CACHE DEFAULT)
  TABLESPACE "SYSTEM" ;
--------------------------------------------------------
--  DDL for Index PERFIL__IDX
--------------------------------------------------------

  CREATE UNIQUE INDEX "PANTOASTED2"."PERFIL__IDX" ON "PANTOASTED2"."PERFIL" ("USUARIO_NOM_USUARIO") 
  PCTFREE 10 INITRANS 2 MAXTRANS 255 COMPUTE STATISTICS 
  STORAGE(INITIAL 65536 NEXT 1048576 MINEXTENTS 1 MAXEXTENTS 2147483645
  PCTINCREASE 0 FREELISTS 1 FREELIST GROUPS 1 BUFFER_POOL DEFAULT FLASH_CACHE DEFAULT CELL_FLASH_CACHE DEFAULT)
  TABLESPACE "SYSTEM" ;
--------------------------------------------------------
--  Constraints for Table GENERO
--------------------------------------------------------

  ALTER TABLE "PANTOASTED2"."GENERO" ADD CONSTRAINT "GENERO_PK" PRIMARY KEY ("ID_GENERO")
  USING INDEX PCTFREE 10 INITRANS 2 MAXTRANS 255 COMPUTE STATISTICS 
  STORAGE(INITIAL 65536 NEXT 1048576 MINEXTENTS 1 MAXEXTENTS 2147483645
  PCTINCREASE 0 FREELISTS 1 FREELIST GROUPS 1 BUFFER_POOL DEFAULT FLASH_CACHE DEFAULT CELL_FLASH_CACHE DEFAULT)
  TABLESPACE "SYSTEM"  ENABLE;
  ALTER TABLE "PANTOASTED2"."GENERO" MODIFY ("ID_GENERO" NOT NULL ENABLE);
--------------------------------------------------------
--  Constraints for Table USUARIO
--------------------------------------------------------

  ALTER TABLE "PANTOASTED2"."USUARIO" ADD CONSTRAINT "USUARIO_PK" PRIMARY KEY ("NOM_USUARIO")
  USING INDEX PCTFREE 10 INITRANS 2 MAXTRANS 255 COMPUTE STATISTICS 
  STORAGE(INITIAL 65536 NEXT 1048576 MINEXTENTS 1 MAXEXTENTS 2147483645
  PCTINCREASE 0 FREELISTS 1 FREELIST GROUPS 1 BUFFER_POOL DEFAULT FLASH_CACHE DEFAULT CELL_FLASH_CACHE DEFAULT)
  TABLESPACE "SYSTEM"  ENABLE;
  ALTER TABLE "PANTOASTED2"."USUARIO" MODIFY ("PRIVILEGIO" NOT NULL ENABLE);
  ALTER TABLE "PANTOASTED2"."USUARIO" MODIFY ("CONTRASENA" NOT NULL ENABLE);
  ALTER TABLE "PANTOASTED2"."USUARIO" MODIFY ("NOM_USUARIO" NOT NULL ENABLE);
--------------------------------------------------------
--  Constraints for Table REVIEW
--------------------------------------------------------

  ALTER TABLE "PANTOASTED2"."REVIEW" ADD CONSTRAINT "REVIEW_PK" PRIMARY KEY ("ID_REV", "USUARIO_NOM_USUARIO")
  USING INDEX PCTFREE 10 INITRANS 2 MAXTRANS 255 COMPUTE STATISTICS 
  STORAGE(INITIAL 65536 NEXT 1048576 MINEXTENTS 1 MAXEXTENTS 2147483645
  PCTINCREASE 0 FREELISTS 1 FREELIST GROUPS 1 BUFFER_POOL DEFAULT FLASH_CACHE DEFAULT CELL_FLASH_CACHE DEFAULT)
  TABLESPACE "SYSTEM"  ENABLE;
  ALTER TABLE "PANTOASTED2"."REVIEW" MODIFY ("USUARIO_NOM_USUARIO" NOT NULL ENABLE);
  ALTER TABLE "PANTOASTED2"."REVIEW" MODIFY ("ELIMINADO" NOT NULL ENABLE);
  ALTER TABLE "PANTOASTED2"."REVIEW" MODIFY ("CUERPO" NOT NULL ENABLE);
  ALTER TABLE "PANTOASTED2"."REVIEW" MODIFY ("SUBTITULO" NOT NULL ENABLE);
  ALTER TABLE "PANTOASTED2"."REVIEW" MODIFY ("TITULO" NOT NULL ENABLE);
  ALTER TABLE "PANTOASTED2"."REVIEW" MODIFY ("ID_REV" NOT NULL ENABLE);
--------------------------------------------------------
--  Constraints for Table REPORTE_COM
--------------------------------------------------------

  ALTER TABLE "PANTOASTED2"."REPORTE_COM" ADD CONSTRAINT "REPORTE_COM_PK" PRIMARY KEY ("ID_REPORTE", "COMENTARIO_ID_COMEN", "COMENTARIO_USUARIO_NOM_USUARIO")
  USING INDEX PCTFREE 10 INITRANS 2 MAXTRANS 255 COMPUTE STATISTICS 
  STORAGE(INITIAL 65536 NEXT 1048576 MINEXTENTS 1 MAXEXTENTS 2147483645
  PCTINCREASE 0 FREELISTS 1 FREELIST GROUPS 1 BUFFER_POOL DEFAULT FLASH_CACHE DEFAULT CELL_FLASH_CACHE DEFAULT)
  TABLESPACE "SYSTEM"  ENABLE;
  ALTER TABLE "PANTOASTED2"."REPORTE_COM" MODIFY ("COMENTARIO_USUARIO_NOM_USUARIO" NOT NULL ENABLE);
  ALTER TABLE "PANTOASTED2"."REPORTE_COM" MODIFY ("COMENTARIO_ID_COMEN" NOT NULL ENABLE);
  ALTER TABLE "PANTOASTED2"."REPORTE_COM" MODIFY ("MOTIVO" NOT NULL ENABLE);
  ALTER TABLE "PANTOASTED2"."REPORTE_COM" MODIFY ("ID_REPORTE" NOT NULL ENABLE);
--------------------------------------------------------
--  Constraints for Table REVIEW_GENERO
--------------------------------------------------------

  ALTER TABLE "PANTOASTED2"."REVIEW_GENERO" ADD CONSTRAINT "RELATION_10__IDX" PRIMARY KEY ("REVIEW_ID_REV", "REVIEW_USUARIO_NOM_USUARIO", "GENERO_ID_GENERO")
  USING INDEX PCTFREE 10 INITRANS 2 MAXTRANS 255 COMPUTE STATISTICS 
  STORAGE(INITIAL 65536 NEXT 1048576 MINEXTENTS 1 MAXEXTENTS 2147483645
  PCTINCREASE 0 FREELISTS 1 FREELIST GROUPS 1 BUFFER_POOL DEFAULT FLASH_CACHE DEFAULT CELL_FLASH_CACHE DEFAULT)
  TABLESPACE "SYSTEM"  ENABLE;
  ALTER TABLE "PANTOASTED2"."REVIEW_GENERO" MODIFY ("GENERO_ID_GENERO" NOT NULL ENABLE);
  ALTER TABLE "PANTOASTED2"."REVIEW_GENERO" MODIFY ("REVIEW_USUARIO_NOM_USUARIO" NOT NULL ENABLE);
  ALTER TABLE "PANTOASTED2"."REVIEW_GENERO" MODIFY ("REVIEW_ID_REV" NOT NULL ENABLE);
--------------------------------------------------------
--  Constraints for Table COMENTARIO
--------------------------------------------------------

  ALTER TABLE "PANTOASTED2"."COMENTARIO" MODIFY ("ELIMINADO" NOT NULL ENABLE);
  ALTER TABLE "PANTOASTED2"."COMENTARIO" ADD CONSTRAINT "COMENTARIO_PK" PRIMARY KEY ("ID_COMEN", "USUARIO_NOM_USUARIO")
  USING INDEX PCTFREE 10 INITRANS 2 MAXTRANS 255 COMPUTE STATISTICS 
  STORAGE(INITIAL 65536 NEXT 1048576 MINEXTENTS 1 MAXEXTENTS 2147483645
  PCTINCREASE 0 FREELISTS 1 FREELIST GROUPS 1 BUFFER_POOL DEFAULT FLASH_CACHE DEFAULT CELL_FLASH_CACHE DEFAULT)
  TABLESPACE "SYSTEM"  ENABLE;
  ALTER TABLE "PANTOASTED2"."COMENTARIO" MODIFY ("USUARIO_NOM_USUARIO" NOT NULL ENABLE);
  ALTER TABLE "PANTOASTED2"."COMENTARIO" MODIFY ("CUERPO" NOT NULL ENABLE);
  ALTER TABLE "PANTOASTED2"."COMENTARIO" MODIFY ("ID_COMEN" NOT NULL ENABLE);
--------------------------------------------------------
--  Constraints for Table EVALUACION
--------------------------------------------------------

  ALTER TABLE "PANTOASTED2"."EVALUACION" MODIFY ("ELIMINADO" NOT NULL ENABLE);
  ALTER TABLE "PANTOASTED2"."EVALUACION" ADD CONSTRAINT "EVALUACION_PK" PRIMARY KEY ("ID_EVAL")
  USING INDEX PCTFREE 10 INITRANS 2 MAXTRANS 255 COMPUTE STATISTICS 
  STORAGE(INITIAL 65536 NEXT 1048576 MINEXTENTS 1 MAXEXTENTS 2147483645
  PCTINCREASE 0 FREELISTS 1 FREELIST GROUPS 1 BUFFER_POOL DEFAULT FLASH_CACHE DEFAULT CELL_FLASH_CACHE DEFAULT)
  TABLESPACE "SYSTEM"  ENABLE;
  ALTER TABLE "PANTOASTED2"."EVALUACION" MODIFY ("NUM_EVALUACIONES" NOT NULL ENABLE);
  ALTER TABLE "PANTOASTED2"."EVALUACION" MODIFY ("REVIEW_USUARIO_NOM_USUARIO" NOT NULL ENABLE);
  ALTER TABLE "PANTOASTED2"."EVALUACION" MODIFY ("REVIEW_ID_REV" NOT NULL ENABLE);
  ALTER TABLE "PANTOASTED2"."EVALUACION" MODIFY ("CONTROLES" NOT NULL ENABLE);
  ALTER TABLE "PANTOASTED2"."EVALUACION" MODIFY ("CONTENIDO" NOT NULL ENABLE);
  ALTER TABLE "PANTOASTED2"."EVALUACION" MODIFY ("JUGABILIDAD" NOT NULL ENABLE);
  ALTER TABLE "PANTOASTED2"."EVALUACION" MODIFY ("RENDIMIENTO" NOT NULL ENABLE);
  ALTER TABLE "PANTOASTED2"."EVALUACION" MODIFY ("ID_EVAL" NOT NULL ENABLE);
--------------------------------------------------------
--  Constraints for Table PERFIL
--------------------------------------------------------

  ALTER TABLE "PANTOASTED2"."PERFIL" ADD CONSTRAINT "PERFIL_PK" PRIMARY KEY ("ID_USUARIO")
  USING INDEX PCTFREE 10 INITRANS 2 MAXTRANS 255 COMPUTE STATISTICS 
  STORAGE(INITIAL 65536 NEXT 1048576 MINEXTENTS 1 MAXEXTENTS 2147483645
  PCTINCREASE 0 FREELISTS 1 FREELIST GROUPS 1 BUFFER_POOL DEFAULT FLASH_CACHE DEFAULT CELL_FLASH_CACHE DEFAULT)
  TABLESPACE "SYSTEM"  ENABLE;
  ALTER TABLE "PANTOASTED2"."PERFIL" MODIFY ("ADVERTENCIAS" NOT NULL ENABLE);
  ALTER TABLE "PANTOASTED2"."PERFIL" MODIFY ("USUARIO_NOM_USUARIO" NOT NULL ENABLE);
  ALTER TABLE "PANTOASTED2"."PERFIL" MODIFY ("PUNTOS" NOT NULL ENABLE);
  ALTER TABLE "PANTOASTED2"."PERFIL" MODIFY ("SEXO" NOT NULL ENABLE);
  ALTER TABLE "PANTOASTED2"."PERFIL" MODIFY ("FECHA_NAC" NOT NULL ENABLE);
  ALTER TABLE "PANTOASTED2"."PERFIL" MODIFY ("CORREO_E" NOT NULL ENABLE);
  ALTER TABLE "PANTOASTED2"."PERFIL" MODIFY ("ID_USUARIO" NOT NULL ENABLE);
--------------------------------------------------------
--  Constraints for Table REPORTE_REV
--------------------------------------------------------

  ALTER TABLE "PANTOASTED2"."REPORTE_REV" ADD CONSTRAINT "REPORTE_REV_PK" PRIMARY KEY ("ID_REPORTE", "REVIEW_ID_REV", "REVIEW_USUARIO_NOM_USUARIO")
  USING INDEX PCTFREE 10 INITRANS 2 MAXTRANS 255 COMPUTE STATISTICS 
  STORAGE(INITIAL 65536 NEXT 1048576 MINEXTENTS 1 MAXEXTENTS 2147483645
  PCTINCREASE 0 FREELISTS 1 FREELIST GROUPS 1 BUFFER_POOL DEFAULT FLASH_CACHE DEFAULT CELL_FLASH_CACHE DEFAULT)
  TABLESPACE "SYSTEM"  ENABLE;
  ALTER TABLE "PANTOASTED2"."REPORTE_REV" MODIFY ("REVIEW_USUARIO_NOM_USUARIO" NOT NULL ENABLE);
  ALTER TABLE "PANTOASTED2"."REPORTE_REV" MODIFY ("REVIEW_ID_REV" NOT NULL ENABLE);
  ALTER TABLE "PANTOASTED2"."REPORTE_REV" MODIFY ("MOTIVO" NOT NULL ENABLE);
  ALTER TABLE "PANTOASTED2"."REPORTE_REV" MODIFY ("ID_REPORTE" NOT NULL ENABLE);
--------------------------------------------------------
--  Ref Constraints for Table COMENTARIO
--------------------------------------------------------

  ALTER TABLE "PANTOASTED2"."COMENTARIO" ADD CONSTRAINT "COMENTARIO_REVIEW_FK" FOREIGN KEY ("REVIEW_ID_REV", "REVIEW_USUARIO_NOM_USUARIO")
	  REFERENCES "PANTOASTED2"."REVIEW" ("ID_REV", "USUARIO_NOM_USUARIO") ENABLE;
  ALTER TABLE "PANTOASTED2"."COMENTARIO" ADD CONSTRAINT "COMENTARIO_USUARIO_FK" FOREIGN KEY ("USUARIO_NOM_USUARIO")
	  REFERENCES "PANTOASTED2"."USUARIO" ("NOM_USUARIO") ENABLE;
--------------------------------------------------------
--  Ref Constraints for Table EVALUACION
--------------------------------------------------------

  ALTER TABLE "PANTOASTED2"."EVALUACION" ADD CONSTRAINT "EVALUACION_REVIEW_FK" FOREIGN KEY ("REVIEW_ID_REV", "REVIEW_USUARIO_NOM_USUARIO")
	  REFERENCES "PANTOASTED2"."REVIEW" ("ID_REV", "USUARIO_NOM_USUARIO") ENABLE;
--------------------------------------------------------
--  Ref Constraints for Table PERFIL
--------------------------------------------------------

  ALTER TABLE "PANTOASTED2"."PERFIL" ADD CONSTRAINT "PERFIL_USUARIO_FK" FOREIGN KEY ("USUARIO_NOM_USUARIO")
	  REFERENCES "PANTOASTED2"."USUARIO" ("NOM_USUARIO") ENABLE;
--------------------------------------------------------
--  Ref Constraints for Table REPORTE_COM
--------------------------------------------------------

  ALTER TABLE "PANTOASTED2"."REPORTE_COM" ADD CONSTRAINT "REPORTE_COM_COMENTARIO_FK" FOREIGN KEY ("COMENTARIO_ID_COMEN", "COMENTARIO_USUARIO_NOM_USUARIO")
	  REFERENCES "PANTOASTED2"."COMENTARIO" ("ID_COMEN", "USUARIO_NOM_USUARIO") ENABLE;
--------------------------------------------------------
--  Ref Constraints for Table REPORTE_REV
--------------------------------------------------------

  ALTER TABLE "PANTOASTED2"."REPORTE_REV" ADD CONSTRAINT "REPORTE_REV_REVIEW_FK" FOREIGN KEY ("REVIEW_ID_REV", "REVIEW_USUARIO_NOM_USUARIO")
	  REFERENCES "PANTOASTED2"."REVIEW" ("ID_REV", "USUARIO_NOM_USUARIO") ENABLE;
--------------------------------------------------------
--  Ref Constraints for Table REVIEW
--------------------------------------------------------

  ALTER TABLE "PANTOASTED2"."REVIEW" ADD CONSTRAINT "REVIEW_USUARIO_FK" FOREIGN KEY ("USUARIO_NOM_USUARIO")
	  REFERENCES "PANTOASTED2"."USUARIO" ("NOM_USUARIO") ENABLE;
--------------------------------------------------------
--  Ref Constraints for Table REVIEW_GENERO
--------------------------------------------------------

  ALTER TABLE "PANTOASTED2"."REVIEW_GENERO" ADD CONSTRAINT "FK_ASS_16" FOREIGN KEY ("REVIEW_ID_REV", "REVIEW_USUARIO_NOM_USUARIO")
	  REFERENCES "PANTOASTED2"."REVIEW" ("ID_REV", "USUARIO_NOM_USUARIO") ENABLE;
  ALTER TABLE "PANTOASTED2"."REVIEW_GENERO" ADD CONSTRAINT "FK_ASS_17" FOREIGN KEY ("GENERO_ID_GENERO")
	  REFERENCES "PANTOASTED2"."GENERO" ("ID_GENERO") ENABLE;
--------------------------------------------------------
--  DDL for Trigger TRIGGER_AUTO_BAN
--------------------------------------------------------

  CREATE OR REPLACE TRIGGER "PANTOASTED2"."TRIGGER_AUTO_BAN" 
before UPDATE OF ADVERTENCIAS ON PERFIL FOR EACH ROW

DECLARE
lib date:=  TO_DATE(sysdate+3);
 BEGIN
 if updating and :new.Advertencias>=3  and :new.LIBERACION_BAN<=sysdate then
 :NEW.LIBERACION_BAN :=lib;
 :NEW.Advertencias:=0;
 --UPDATE PERFIL SET LIBERACION_BAN = lib where USUARIO_NOM_USUARIO=:NEW.USUARIO_NOM_USUARIO;
 end if;
END;
/
ALTER TRIGGER "PANTOASTED2"."TRIGGER_AUTO_BAN" ENABLE;
--------------------------------------------------------
--  DDL for Trigger TRIGGER_RANGO_AUTOR
--------------------------------------------------------

  CREATE OR REPLACE TRIGGER "PANTOASTED2"."TRIGGER_RANGO_AUTOR" 
before UPDATE OF PUNTOS ON PERFIL FOR EACH ROW
 WHEN (NEW.PUNTOS>=100) DECLARE
p_puntos PERFIL.PUNTOS%TYPE:=0;
 BEGIN
 UPDATE USUARIO SET PRIVILEGIO=1 WHERE NOM_USUARIO=:NEW.USUARIO_NOM_USUARIO;
END;
/
ALTER TRIGGER "PANTOASTED2"."TRIGGER_RANGO_AUTOR" ENABLE;
--------------------------------------------------------
--  DDL for Package PANTOASTEDFUNC
--------------------------------------------------------

  CREATE OR REPLACE PACKAGE "PANTOASTED2"."PANTOASTEDFUNC" AS 
  PROCEDURE REG_USUARIO(n_usuario VARCHAR2 ,contrasena VARCHAR2, respuesta OUT VARCHAR2);
  
  PROCEDURE VALIDAR(p_usuario varchar2 , p_contrasena varchar2 , respuesta OUT VARCHAR2);
  
PROCEDURE MODIFICAR_PERFIL(n_usuario VARCHAR2,p_correo_e PERFIL.CORREO_E%type,
  p_url_avatar PERFIL.URL_AVATAR%type,p_fecha_nac PERFIL.FECHA_NAC%type,p_sexo PERFIL.SEXO%type,respuesta OUT VARCHAR2);
  
 PROCEDURE CREAR_PERFIL(n_usuario VARCHAR2,p_correo_e PERFIL.CORREO_E%type,
  p_url_avatar PERFIL.URL_AVATAR%type,p_fecha_nac PERFIL.FECHA_NAC%type,p_sexo PERFIL.SEXO%type,respuesta OUT VARCHAR2);
  
  PROCEDURE CONSULTAR_PERFIL(n_usuario VARCHAR2,p_correo_e OUT PERFIL.CORREO_E%type,
  p_url_avatar OUT PERFIL.URL_AVATAR%type,p_fecha_nac OUT PERFIL.FECHA_NAC%type,p_sexo OUT PERFIL.SEXO%type,p_puntos OUT NUMERIC,p_advertencias OUT NUMERIC);
  
  PROCEDURE CREAR_REVIEW(n_usuario VARCHAR2,p_titulo REVIEW.TITULO%type,p_subtitulo  REVIEW.SUBTITULO%type,
  p_genero  GENERO.ID_GENERO%type,p_cuerpo  REVIEW.CUERPO%type,p_url_video  REVIEW.URL_VIDEO%type,p_url_header  REVIEW.URL_HEADER%type,pRendimiento EVALUACION.RENDIMIENTO%TYPE, 
   pJugabilidad EVALUACION.JUGABILIDAD%TYPE, pContenido EVALUACION.CONTENIDO%TYPE, 
   pControles EVALUACION.CONTROLES%TYPE,respuesta OUT VARCHAR2);
  
  PROCEDURE CONSULTAR_REVIEW(p_id_review REVIEW.ID_REV%type,p_titulo OUT REVIEW.TITULO%type,p_subtitulo OUT REVIEW.SUBTITULO%type,
  p_genero OUT GENERO.NOMBRE%type,p_cuerpo OUT REVIEW.CUERPO%type,p_url_video OUT REVIEW.URL_VIDEO%type,p_url_header OUT REVIEW.URL_HEADER%type, p_usuario OUT VARCHAR2, puntuacion out VARCHAR2);
  
 PROCEDURE RETORNAR_COMENTARIOS(p_id_review REVIEW.ID_REV%type, cursor_comentarios OUT tipos.ref_cursor);
 
 PROCEDURE CREAR_COMENTARIO(cuerpo COMENTARIO.CUERPO%type,p_id_review REVIEW.ID_REV%type,n_usuario VARCHAR2,respuesta OUT varchar2);
 
 PROCEDURE MODIFICAR_COMENTARIO(p_id_comen COMENTARIO.ID_COMEN%TYPE,p_cuerpo COMENTARIO.CUERPO%type, respuesta OUT VARCHAR2);
 
 PROCEDURE ACTUALIZA_PUNTOSPERFIL(n_usuario VARCHAR2, operacion VARCHAR2, respuesta OUT VARCHAR2);
 
 PROCEDURE ELIMINAR_REVIEW(p_id_review VARCHAR2,respuesta OUT VARCHAR2);
 
  PROCEDURE ELIMINAR_COMENTARIO(p_id_comentario VARCHAR2,respuesta OUT VARCHAR2);
 
PROCEDURE CARGA_REPORTES(
    cursor_reportes_com OUT tipos.ref_cursor, cursor_reportes_rev OUT tipos.ref_cursor);
    
PROCEDURE ACTUALIZA_PUNTOSPUBLICACION(pRendimiento EVALUACION.RENDIMIENTO%TYPE, 
   pJugabilidad EVALUACION.JUGABILIDAD%TYPE, pContenido EVALUACION.CONTENIDO%TYPE, 
   pControles EVALUACION.CONTROLES%TYPE,p_id_review REVIEW.ID_REV%type, respuesta OUT VARCHAR2);
 PROCEDURE CAMBIO_RANGO_AUTOR(USUARIO PERFIL.USUARIO_NOM_USUARIO%TYPE);
 
 PROCEDURE CREAR_REPORTE_COM(p_id REPORTE_COM.COMENTARIO_ID_COMEN%TYPE,p_motivo REPORTE_COM.MOTIVO%TYPE,respuesta OUT VARCHAR2);

PROCEDURE CREAR_REPORTE_REV(p_id REPORTE_REV.REVIEW_ID_REV%TYPE,p_motivo REPORTE_REV.MOTIVO%TYPE,respuesta OUT VARCHAR2);

PROCEDURE NUEVA_ADVERTENCIA_REV(p_id REPORTE_REV.REVIEW_ID_REV%TYPE, p_id_reporte REPORTE_REV.ID_REPORTE%type);

PROCEDURE NUEVA_ADVERTENCIA_COM(p_id REPORTE_COM.COMENTARIO_ID_COMEN%TYPE, p_id_reporte REPORTE_COM.ID_REPORTE%type);
PROCEDURE NUEVAS_PUBLICACIONES(cursor_new_review OUT tipos.ref_cursor);

PROCEDURE RETORNA_RANDOM(cursor_rev OUT tipos.ref_cursor);

PROCEDURE CARGA_TOPREV(cursor_toprev OUT tipos.ref_cursor);

PROCEDURE DERIVAR_REV(p_id_rep REPORTE_REV.ID_REPORTE%Type);

PROCEDURE DERIVAR_COM(p_id_rep REPORTE_COM.ID_REPORTE%Type);

PROCEDURE CARGA_BANEADOS(
    cursor_baneados OUT tipos.ref_cursor);
    
PROCEDURE BAN_DEFINIDO(p_nom_usuario PERFIL.USUARIO_NOM_USUARIO%type,fecha date);
    
PROCEDURE BAN_INDEFINIDO(p_nom_usuario PERFIL.USUARIO_NOM_USUARIO%type);
END ;

/
--------------------------------------------------------
--  DDL for Package TIPOS
--------------------------------------------------------

  CREATE OR REPLACE PACKAGE "PANTOASTED2"."TIPOS" 
as
type ref_cursor is ref cursor;
end;

/
--------------------------------------------------------
--  DDL for Package Body PANTOASTEDFUNC
--------------------------------------------------------

  CREATE OR REPLACE PACKAGE BODY "PANTOASTED2"."PANTOASTEDFUNC" 
AS
  --funcion verificar existencia de un usario y que no este baneado
FUNCTION VERIFICAR_USUARIO(
    n_usuario VARCHAR2)
  RETURN NUMBER
IS
  retorno NUMBER(1):=-1;
BEGIN
  SELECT COUNT(NOM_USUARIO)
  INTO retorno
  FROM USUARIO
  WHERE NOM_USUARIO = n_usuario;
  RETURN retorno;
END VERIFICAR_USUARIO;
--PROCEDIMIENTO PARA INSERTAR SI NO EXISTE
PROCEDURE REG_USUARIO(
    n_usuario  VARCHAR2,
    contrasena VARCHAR2,
    respuesta OUT VARCHAR2)
IS
BEGIN
  IF (VERIFICAR_USUARIO(n_usuario) > 0 )THEN
    respuesta                     :='false';
  ELSE
    INSERT INTO USUARIO VALUES
      (n_usuario,contrasena,0);
    respuesta:='true';
  END IF;
END REG_USUARIO;
--Procedimiento autentificar
PROCEDURE VALIDAR
  (
    p_usuario    VARCHAR2 ,
    p_contrasena VARCHAR2,
    respuesta OUT VARCHAR2
  )
IS
  user_log  VARCHAR2(20) := 'offline';
  user_priv VARCHAR2(10) := 'null';
  retorno numeric(1):=0;
BEGIN

  SELECT DECODE(privilegio, 0,'normal',1,'autor',2,'mod',3,'admin')AS priv
  INTO user_priv
  FROM usuario
  WHERE (lower(nom_usuario) = lower(p_usuario)
  AND contrasena           = p_contrasena ) 
  ;
  IF (SQL%FOUND) THEN
    user_log := p_usuario;
    respuesta:=user_priv;
    DBMS_OUTPUT.PUT_LINE(user_log||' '||user_priv);
  END IF;
  --Verificacion que el usuario no se encuentre en periodo de ban o banneo permanente
  
   select count(id_usuario) into retorno from perfil where usuario_nom_usuario = p_usuario;
  if(retorno>0) then
    select count(id_usuario) into retorno from perfil where usuario_nom_usuario = p_usuario
    and (liberacion_ban <= to_date(sysdate,'DD-MM-YY') and ban_permanente = 0);
  
    if(retorno=0) then
      respuesta:='null';
      user_priv:='null';
      user_log:='offline';
    end if;
  end if;
  DBMS_OUTPUT.PUT_LINE(user_log||' '||respuesta||' '||retorno||' '||user_priv||' '||to_char(to_date(sysdate,'DD-MM-YY')));

EXCEPTION
WHEN NO_DATA_FOUND THEN
  DBMS_OUTPUT.PUT_LINE('error');
  respuesta:='null';
END Validar;
--Procedimiento Actualizar perfil
PROCEDURE MODIFICAR_PERFIL(
    n_usuario VARCHAR2,
    p_correo_e PERFIL.CORREO_E%type,
    p_url_avatar PERFIL.URL_AVATAR%type,
    p_fecha_nac PERFIL.FECHA_NAC%type,
    p_sexo PERFIL.SEXO%type,
    respuesta OUT VARCHAR2)
IS
BEGIN
  IF (VERIFICAR_USUARIO(n_usuario)>0)THEN
    UPDATE PERFIL
    SET CORREO_E                     = p_correo_e ,
      URL_AVATAR                     = p_url_avatar,
      FECHA_NAC                      =p_fecha_nac,
      SEXO                           =p_sexo
    WHERE lower(USUARIO_NOM_USUARIO) = lower(n_usuario);
    respuesta                       :='true';
  ELSE
    respuesta:='false';
  END IF;
END MODIFICAR_PERFIL;
--CREAR un nuevo PERFIL
PROCEDURE CREAR_PERFIL(
    n_usuario VARCHAR2,
    p_correo_e PERFIL.CORREO_E%type,
    p_url_avatar PERFIL.URL_AVATAR%type,
    p_fecha_nac PERFIL.FECHA_NAC%type,
    p_sexo PERFIL.SEXO%type,
    respuesta OUT VARCHAR2)
IS
BEGIN
  IF (VERIFICAR_USUARIO(n_usuario)>0)THEN
    INSERT INTO PERFIL VALUES
      (
        SEC_ID_USUARIO.NEXTVAL,
        p_correo_e,
        p_url_avatar,
        p_fecha_nac,
        p_sexo ,
        0,
        n_usuario,
        0,
        '01/01/1980',
        0
      );
    respuesta:='true';
  ELSE
    respuesta:='false';
  END IF;
END CREAR_PERFIL;
PROCEDURE CONSULTAR_PERFIL
  (
    n_usuario VARCHAR2,
    p_correo_e OUT PERFIL.CORREO_E%type,
    p_url_avatar OUT PERFIL.URL_AVATAR%type,
    p_fecha_nac OUT PERFIL.FECHA_NAC%type,
    p_sexo OUT PERFIL.SEXO%type,
    p_puntos OUT NUMERIC,
    p_advertencias OUT NUMERIC
  )
IS
BEGIN
  --Modificar para implementar sistema puntos.
  SELECT correo_e,
    url_avatar,
    fecha_nac,
    sexo,
    puntos,
    advertencias
  INTO p_correo_e,
    p_url_avatar,
    p_fecha_nac,
    p_sexo,
    p_puntos,
    p_advertencias
  FROM PERFIL
  WHERE lower(usuario_nom_usuario) = lower(n_usuario);
END CONSULTAR_PERFIL;
--Control de nuevo Review y consulta de Review
PROCEDURE CREAR_REVIEW(
    n_usuario VARCHAR2,
    p_titulo REVIEW.TITULO%type,
    p_subtitulo REVIEW.SUBTITULO%type,
    p_genero GENERO.ID_GENERO%type,
    p_cuerpo REVIEW.CUERPO%type,
    p_url_video REVIEW.URL_VIDEO%type,
    p_url_header REVIEW.URL_HEADER%type,
    pRendimiento EVALUACION.RENDIMIENTO%TYPE,
    pJugabilidad EVALUACION.JUGABILIDAD%TYPE,
    pContenido EVALUACION.CONTENIDO%TYPE,
    pControles EVALUACION.CONTROLES%TYPE,
    respuesta OUT VARCHAR2)
IS
  verificador_rev NUMBER(10) := 0;
  secuencia       NUMBER(38) :=0 ;
BEGIN
  INSERT
  INTO REVIEW VALUES
    (
      SEC_ID_REV.NEXTVAL,
      p_titulo,
      p_subtitulo,
      p_url_video,
      p_url_header,
      p_cuerpo,
      n_usuario,
      0
    );
    
    
  secuencia:=SEC_ID_REV.CURRVAL;
  Insert into REVIEW_GENERO VALUES(secuencia,n_usuario,p_genero);
  
  SELECT COUNT(ID_REV)
  INTO verificador_rev
  FROM REVIEW
  WHERE ID_REV      = secuencia;
  IF(verificador_rev>0) THEN
    INSERT
    INTO EVALUACION VALUES
      (
        SEC_ID_EVAL.NEXTVAL,
        pRendimiento,
        pJugabilidad,
        pContenido,
        pControles,
        secuencia,
        n_usuario,
        1,
        0
      );
    respuesta:='true';
  ELSE
    respuesta:='false';
  END IF;
END CREAR_REVIEW;
PROCEDURE CONSULTAR_REVIEW
  (
    p_id_review REVIEW.ID_REV%type,
    p_titulo OUT REVIEW.TITULO%type,
    p_subtitulo OUT REVIEW.SUBTITULO%type,
    p_genero OUT GENERO.NOMBRE%type,
    p_cuerpo OUT REVIEW.CUERPO%type,
    p_url_video OUT REVIEW.URL_VIDEO%type,
    p_url_header OUT REVIEW.URL_HEADER%type,
    p_usuario OUT VARCHAR2,
    puntuacion OUT VARCHAR2
  )
IS
  prendimiento EVALUACION.RENDIMIENTO%type  :=0;
  pjugabilidad EVALUACION.JUGABILIDAD%type  :=0;
  pcontenido EVALUACION.CONTENIDO%type      :=0;
  pcontroles EVALUACION.CONTROLES%type      :=0;
  pnum_eval EVALUACION.NUM_EVALUACIONES%type:=0;
BEGIN
  SELECT titulo,
    subtitulo,
    (select nombre from genero where id_genero = (select genero_id_genero from review_genero where review_id_rev = p_id_review)),
    cuerpo,
    url_video,
    url_header,
    usuario_nom_usuario
  INTO p_titulo,
    p_subtitulo,
    p_genero,
    p_cuerpo,
    p_url_video,
    p_url_header,
    p_usuario
  FROM REVIEW
  WHERE ID_REV = p_id_review and eliminado=0;
  SELECT rendimiento,
    jugabilidad,
    contenido,
    controles,
    NUM_EVALUACIONES
  INTO prendimiento,
    pjugabilidad,
    pcontenido,
    pcontroles,
    pnum_eval
  FROM EVALUACION
  WHERE lower(review_id_rev) = lower(p_id_review) and eliminado=0;
  puntuacion                := ((prendimiento/pnum_eval) + (pjugabilidad/pnum_eval) + (pcontenido/pnum_eval) + (pcontroles/pnum_eval))/4;
END CONSULTAR_REVIEW;
--Procedimiento para eliminar un review
PROCEDURE ELIMINAR_REVIEW(
    p_id_review VARCHAR2,
    respuesta OUT VARCHAR2)
IS
  verificador_rev NUMBER(10)            :=0;
  id_comentario COMENTARIO.ID_COMEN%type:=0;
  CURSOR id_comentarios
  IS
    SELECT id_comen FROM Comentario WHERE review_id_rev = p_id_review;
BEGIN
 --DELETE FROM REVIEW_GENERO WHERE REVIEW_ID_REV = p_id_review;
  DELETE FROM reporte_rev WHERE REVIEW_ID_REV = p_id_review;
  --Recorro cursor elimnando primero los reportes asociados a los comentarios y el comentario
  FOR id_comentarios_rec IN id_comentarios
  LOOP
    Delete from reporte_com
    WHERE comentario_id_comen = id_comentarios_rec.id_comen;
  END LOOP;
  UPDATE  Comentario SET ELIMINADO = 1 WHERE REVIEW_ID_REV = p_id_review;
  UPDATE EVALUACION  SET ELIMINADO = 1 WHERE REVIEW_ID_REV = p_id_review;
  UPDATE REVIEW      SET ELIMINADO = 1 WHERE REVIEW.ID_REV = p_id_review;
  respuesta:='true';
  
END ELIMINAR_REVIEW;


--Procedimiento eliminar logicamente un comentario
PROCEDURE ELIMINAR_COMENTARIO(p_id_comentario VARCHAR2,respuesta OUT VARCHAR2) is
begin
update Comentario set eliminado = 1 where COMENTARIO.ID_COMEN = p_id_comentario;
delete from REPORTE_COM where comentario_id_comen = p_id_comentario;

respuesta:='true';
end;

--Procedimiento para retornar todos los comentarios de una publicacion en un cursor
PROCEDURE RETORNAR_COMENTARIOS(
    p_id_review REVIEW.ID_REV%type,
    cursor_comentarios OUT tipos.ref_cursor)
AS
BEGIN
  OPEN cursor_comentarios FOR SELECT id_comen,
  cuerpo,
  review_id_rev,
  usuario_nom_usuario,
  (SELECT url_avatar
  FROM perfil
  WHERE perfil.usuario_nom_usuario = COMENTARIO.USUARIO_NOM_USUARIO and eliminado<1
  )
AS
  avatar FROM COMENTARIO WHERE REVIEW_ID_REV = p_id_review  and eliminado<1 ORDER BY id_comen;
  cursor_comentarios                        :=cursor_comentarios;
END RETORNAR_COMENTARIOS;
--Ingreso de un nuevo comentario
PROCEDURE CREAR_COMENTARIO(
    cuerpo COMENTARIO.CUERPO%type,
    p_id_review REVIEW.ID_REV%type,
    n_usuario VARCHAR2,
    respuesta OUT VARCHAR2)
IS
  verificador_rev NUMBER(10) := 0;
  secuencia       NUMBER(38) :=0 ;
BEGIN
  INSERT
  INTO COMENTARIO VALUES
    (
      SEC_ID_COMEN.NEXTVAL,
      cuerpo,
      p_id_review,
      n_usuario,
      (SELECT usuario_nom_usuario FROM review WHERE id_rev = p_id_review
      ),0
    );
  secuencia:=SEC_ID_COMEN.CURRVAL;
  SELECT COUNT(ID_COMEN)
  INTO verificador_rev
  FROM COMENTARIO
  WHERE ID_COMEN    = secuencia;
  IF(verificador_rev>0) THEN
    respuesta      :='true';
  ELSE
    respuesta:='false';
  END IF;
END CREAR_COMENTARIO;
--Update a un comentario (solo lo puede realizar el mismo usuario o mod/admin)
PROCEDURE MODIFICAR_COMENTARIO(
    p_id_comen COMENTARIO.ID_COMEN%TYPE,
    p_cuerpo COMENTARIO.CUERPO%type,
    respuesta OUT VARCHAR2)
IS
BEGIN
    UPDATE COMENTARIO SET cuerpo = p_cuerpo WHERE id_comen = p_id_comen;
    delete from REPORTE_COM where comentario_id_comen = p_id_comen;
    respuesta:='true';
END MODIFICAR_COMENTARIO;
--Actualizar puntos del perfil
PROCEDURE ACTUALIZA_PUNTOSPERFIL(
    n_usuario VARCHAR2,
    operacion VARCHAR2,
    respuesta OUT VARCHAR2)
IS
BEGIN
  IF (VERIFICAR_USUARIO(n_usuario)>0)THEN
    IF (operacion                 = '+') THEN
      UPDATE PERFIL
      SET PUNTOS                       = PUNTOS + 1
      WHERE lower(USUARIO_NOM_USUARIO) = lower(n_usuario);
      respuesta                       :='SUMO';
    ELSE
      UPDATE PERFIL
      SET PUNTOS                       = PUNTOS - 1
      WHERE lower(USUARIO_NOM_USUARIO) = lower(n_usuario);
      respuesta                       :='RESTO';
    END IF;
  END IF;
END ACTUALIZA_PUNTOSPERFIL;
PROCEDURE CARGA_REPORTES(
    cursor_reportes_com OUT tipos.ref_cursor,
    cursor_reportes_rev OUT tipos.ref_cursor)
AS
BEGIN
  OPEN cursor_reportes_com FOR SELECT id_reporte,
  motivo,
  COMENTARIO_ID_COMEN,com.CUERPO FROM reporte_com r , COMENTARIO com where com.ID_COMEN = COMENTARIO_ID_COMEN;
  cursor_reportes_com := cursor_reportes_com;
  OPEN cursor_reportes_rev FOR SELECT id_reporte,
  motivo,
  REVIEW_ID_REV,
  (SELECT titulo FROM Review WHERE id_rev = reporte_rev.REVIEW_ID_REV
  )
AS
  titulo FROM reporte_rev;
  cursor_reportes_rev := cursor_reportes_rev;
END Carga_reportes;
--Actualizar los puntos de una publicacion
PROCEDURE ACTUALIZA_PUNTOSPUBLICACION(
    pRendimiento EVALUACION.RENDIMIENTO%TYPE,
    pJugabilidad EVALUACION.JUGABILIDAD%TYPE,
    pContenido EVALUACION.CONTENIDO%TYPE,
    pControles EVALUACION.CONTROLES%TYPE,
    p_id_review REVIEW.ID_REV%type,
    respuesta OUT VARCHAR2)
IS
  verificador NUMBER(10):=0;
BEGIN
  SELECT COUNT(id_eval)
  INTO verificador
  FROM evaluacion
  WHERE review_id_rev = p_id_review;
  IF verificador      >0 THEN
    UPDATE EVALUACION
    SET rendimiento     = rendimiento      + pRendimiento,
      jugabilidad       = jugabilidad      + pJugabilidad,
      contenido         = contenido        + pContenido,
      controles         = controles        + pControles,
      num_evaluaciones  = num_evaluaciones + 1
    WHERE review_id_rev = p_id_review;
    respuesta          :='true';
  ELSE
    respuesta:='false';
  END IF;
END ACTUALIZA_PUNTOSPUBLICACION;
--cAMBIAR EL RANGO DE UN USUARIO
PROCEDURE CAMBIO_RANGO_AUTOR(
    USUARIO PERFIL.USUARIO_NOM_USUARIO%TYPE)
IS
  p_puntos PERFIL.PUNTOS%TYPE:=0;
BEGIN
  SELECT PUNTOS INTO p_puntos FROM PERFIL WHERE usuario_nom_usuario=usuario;
  IF(p_puntos+1>=100) THEN
    UPDATE USUARIO SET PRIVILEGIO=1 WHERE NOM_USUARIO=USUARIO;
  END IF;
END CAMBIO_RANGO_AUTOR;
PROCEDURE CREAR_REPORTE_COM(
    p_id REPORTE_COM.COMENTARIO_ID_COMEN%TYPE,
    p_motivo REPORTE_COM.MOTIVO%TYPE,
    respuesta OUT VARCHAR2)
IS
  p_nom_usuario USUARIO.NOM_USUARIO%TYPE:='A';
  exito   NUMBER(10)                      :=0;
  counter NUMBER(10)                      :=0;
BEGIN
  SELECT USUARIO_NOM_USUARIO
  INTO p_nom_usuario
  FROM COMENTARIO
  WHERE ID_COMEN = p_id;
  INSERT
  INTO REPORTE_COM VALUES
    (
      SEC_ID_REPORTE.NEXTVAL,
      p_motivo,
      p_id,
      p_nom_usuario
    );
  exito:=SEC_ID_REPORTE.CURRVAL;
  SELECT COUNT(ID_REPORTE)
  INTO counter
  FROM REPORTE_COM
  WHERE ID_REPORTE = exito;
  IF(counter       >0) THEN
    respuesta     :='true';
  ELSE
    respuesta:='false';
  END IF;
END CREAR_REPORTE_COM;
PROCEDURE CREAR_REPORTE_REV(
    p_id REPORTE_REV.REVIEW_ID_REV%TYPE,
    p_motivo REPORTE_REV.MOTIVO%TYPE,
    respuesta OUT VARCHAR2)
IS
  p_nom_usuario USUARIO.NOM_USUARIO%TYPE:='A';
  exito   NUMBER(10)                      :=0;
  counter NUMBER(10)                      :=0;
BEGIN
  SELECT USUARIO_NOM_USUARIO INTO p_nom_usuario FROM REVIEW WHERE ID_REV = p_id;
  INSERT
  INTO REPORTE_REV VALUES
    (
      SEC_ID_REPORTE.NEXTVAL,
      p_motivo,
      p_id,
      p_nom_usuario
    );
  exito:=SEC_ID_REPORTE.CURRVAL;
  SELECT COUNT(ID_REPORTE)
  INTO counter
  FROM REPORTE_REV
  WHERE ID_REPORTE = exito;
  IF(counter       >0) THEN
    respuesta     :='true';
  ELSE
    respuesta:='false';
  END IF;
END CREAR_REPORTE_REV;
PROCEDURE NUEVA_ADVERTENCIA_REV(
    p_id REPORTE_REV.REVIEW_ID_REV%TYPE , p_id_reporte REPORTE_REV.ID_REPORTE%type)
IS
  p_nom_usuario REVIEW.USUARIO_NOM_USUARIO%TYPE:='Z';
BEGIN
  SELECT USUARIO_NOM_USUARIO INTO p_nom_usuario FROM REVIEW WHERE ID_REV = p_id;
  UPDATE PERFIL
  SET ADVERTENCIAS          = ADVERTENCIAS + 1
  WHERE USUARIO_NOM_USUARIO = p_nom_usuario;
  delete from reporte_rev where id_reporte = p_id_reporte;
  
END NUEVA_ADVERTENCIA_REV;
PROCEDURE NUEVA_ADVERTENCIA_COM(
    p_id REPORTE_COM.COMENTARIO_ID_COMEN%TYPE, p_id_reporte REPORTE_COM.ID_REPORTE%type)
IS
  p_nom_usuario COMENTARIO.USUARIO_NOM_USUARIO%TYPE:='Z';
BEGIN
  SELECT USUARIO_NOM_USUARIO
  INTO p_nom_usuario
  FROM COMENTARIO
  WHERE ID_COMEN = p_id;
  
  UPDATE PERFIL
  SET ADVERTENCIAS          = ADVERTENCIAS + 1
  WHERE USUARIO_NOM_USUARIO = p_nom_usuario;
  
  delete from reporte_com where id_reporte = p_id_reporte;
END NUEVA_ADVERTENCIA_COM;
PROCEDURE NUEVAS_PUBLICACIONES(
    cursor_new_review OUT tipos.ref_cursor)
AS
BEGIN
  OPEN cursor_new_review FOR SELECT id_rev,
  titulo FROM review WHERE ROWNUM <= 5 and eliminado=0 order by id_rev DESC;
  cursor_new_review               := cursor_new_review;
END NUEVAS_PUBLICACIONES;
PROCEDURE RETORNA_RANDOM(
    cursor_rev OUT tipos.ref_cursor)
AS
BEGIN
  OPEN cursor_rev FOR SELECT ID_REV,
  TITULO,
  SUBTITULO,
  USUARIO_NOM_USUARIO FROM REVIEW where eliminado=0;
  cursor_rev := cursor_rev;
END RETORNA_RANDOM;
PROCEDURE CARGA_TOPREV(
    cursor_toprev OUT tipos.ref_cursor)
AS
BEGIN
  OPEN cursor_toprev FOR SELECT * FROM PUBLICACIONES_TOP ;
  cursor_toprev := cursor_toprev;
END CARGA_TOPREV;

PROCEDURE DERIVAR_REV(p_id_rep REPORTE_REV.ID_REPORTE%Type) is
p_usuario PERFIL.USUARIO_NOM_USUARIO%type;
begin
select review_usuario_nom_usuario 
into p_usuario 
from reporte_rev 
where id_reporte = p_id_rep;
update Perfil set advertencias = -1 where usuario_nom_usuario = p_usuario;
delete from reporte_rev where review_usuario_nom_usuario = p_usuario; 
end DERIVAR_REV;

PROCEDURE DERIVAR_COM(p_id_rep REPORTE_COM.ID_REPORTE%Type) is
p_usuario PERFIL.USUARIO_NOM_USUARIO%type;
begin
select comentario_usuario_nom_usuario 
into p_usuario 
from reporte_com
where id_reporte = p_id_rep;
update Perfil set advertencias = -1 where usuario_nom_usuario = p_usuario;
delete from reporte_com where comentario_usuario_nom_usuario = p_usuario; 
end DERIVAR_COM;


--Procedimientos correspondientes especificamente al administrador.
PROCEDURE CARGA_BANEADOS(cursor_baneados OUT tipos.ref_cursor) is
begin
    OPEN cursor_baneados FOR SELECT * FROM USUARIOS_BAN;
end CARGA_BANEADOS;

PROCEDURE BAN_DEFINIDO(p_nom_usuario PERFIL.USUARIO_NOM_USUARIO%type,fecha date) IS
BEGIN
update perfil set liberacion_ban = fecha where usuario_nom_usuario = p_nom_usuario;
update perfil set advertencias = 0 where usuario_nom_usuario = p_nom_usuario;
END BAN_DEFINIDO;
    
PROCEDURE BAN_INDEFINIDO(p_nom_usuario PERFIL.USUARIO_NOM_USUARIO%type) IS
BEGIN
update perfil set ban_permanente = 1 where usuario_nom_usuario = p_nom_usuario;
update review set eliminado = 1 where usuario_nom_usuario = p_nom_usuario;
update evaluacion set eliminado = 1 where review_usuario_nom_usuario = p_nom_usuario;
update comentario set eliminado = 1 where usuario_nom_usuario = p_nom_usuario;
delete from reporte_com where comentario_usuario_nom_usuario = p_nom_usuario;
delete from reporte_rev where review_usuario_nom_usuario = p_nom_usuario;
END BAN_INDEFINIDO;


END PANTOASTEDFUNC;

/
